{
  "IcoMoonType": "selection",
  "icons": [
    {
      "icon": {
        "paths": [
          "M716.8 102.4v870.4l-204.8-204.8-204.8 204.8v-870.4c0-28.314 29.952-52.224 51.2-51.2h307.2c35.277-1.024 51.2 22.886 51.2 51.2z"
        ],
        "attrs": [],
        "isMulticolor": false,
        "isMulticolor2": false,
        "tags": [
          "bookmark"
        ],
        "grid": 20
      },
      "attrs": [],
      "properties": {
        "id": 32,
        "order": 5,
        "prevSize": 20,
        "name": "bookmark"
      },
      "setIdx": 0,
      "setId": 2,
      "iconIdx": 31
    },
    {
      "icon": {
        "paths": [
          "M678.4 512l-365.619-379.904c-13.722-13.824-13.722-36.198 0-50.125 13.722-13.824 35.891-13.824 49.613 0l400.896 404.89c13.722 13.875 13.722 36.301 0 50.125l-400.896 404.89c-13.722 13.875-35.891 13.824-49.613 0-13.722-13.773-13.722-36.198 0-50.125l365.619-379.75z"
        ],
        "attrs": [],
        "isMulticolor": false,
        "isMulticolor2": false,
        "tags": [
          "chevron-thin-right"
        ],
        "grid": 20
      },
      "attrs": [],
      "properties": {
        "id": 43,
        "order": 15,
        "prevSize": 20,
        "name": "chevron-thin-right"
      },
      "setIdx": 0,
      "setId": 2,
      "iconIdx": 42
    },
    {
      "icon": {
        "paths": [
          "M867.789 382.566c-111.411 148.582-209.664 153.702-360.755 161.382h-5.171c-183.859-0.102-314.266-68.403-314.266-93.798-0.102-24.115 117.658-86.886 286.976-93.133l30.208-75.418c-0.973 0-1.894-0.102-2.918-0.102-251.29 0-398.899 79.974-398.899 156.211v102.4c0 47.002 29.798 458.189 388.198 458.189s409.6-411.187 409.6-458.189v-102.4c0-20.019-10.291-40.294-29.901-59.29l-3.072 4.147zM900.557 138.342c-22.579-16.896-54.733-12.39-71.629 10.291l-184.73 246.221 119.603-298.906c10.547-26.214-2.253-56.013-28.518-66.611-26.010-10.496-56.115 2.202-66.56 28.621l-166.861 416.87c147.558-7.526 218.982-11.622 310.63-133.683 91.597-122.214 98.253-131.123 98.253-131.123 16.998-22.579 12.442-54.682-10.189-71.68z"
        ],
        "attrs": [],
        "isMulticolor": false,
        "isMulticolor2": false,
        "tags": [
          "bowl"
        ],
        "grid": 20
      },
      "attrs": [],
      "properties": {
        "id": 114,
        "order": 11,
        "prevSize": 20,
        "name": "bowl"
      },
      "setIdx": 0,
      "setId": 2,
      "iconIdx": 113
    },
    {
      "icon": {
        "paths": [
          "M296.96 624.64v-317.44h-194.56c-56.32 0-102.4 46.080-102.4 102.4v307.2c0 56.32 46.080 102.4 102.4 102.4h51.2v153.6l153.6-153.6h256c56.32 0 102.4-46.080 102.4-102.4v-93.184c-3.277 0.717-6.758 1.075-10.24 1.075l-358.4-0.051zM921.6 51.2h-460.8c-56.32 0-102.4 46.080-102.4 102.4v409.6h358.4l153.6 153.6v-153.6h51.2c56.32 0 102.4-46.029 102.4-102.4v-307.2c0-56.32-46.080-102.4-102.4-102.4z"
        ],
        "attrs": [],
        "isMulticolor": false,
        "isMulticolor2": false,
        "tags": [
          "chat"
        ],
        "grid": 20
      },
      "attrs": [],
      "properties": {
        "id": 125,
        "order": 6,
        "prevSize": 20,
        "name": "chat"
      },
      "setIdx": 0,
      "setId": 2,
      "iconIdx": 124
    },
    {
      "icon": {
        "paths": [
          "M995.533 479.283c-45.158-252.211-146.125-326.605-199.834-326.605-83.814 0-105.318 62.31-283.699 64.41-178.381-2.099-199.885-64.41-283.699-64.41-53.709 0-154.726 74.394-199.885 326.605-25.754 143.974-53.709 358.912 12.902 384.717 82.893 32.102 111.002-48.179 202.035-116.019 92.416-68.762 136.755-84.941 268.646-84.941s176.23 16.179 268.646 84.941c91.034 67.789 119.142 148.122 202.035 116.019 66.611-25.805 38.656-240.691 12.851-384.717zM307.2 512c-56.576 0-102.4-45.875-102.4-102.4 0-56.576 45.824-102.4 102.4-102.4s102.4 45.824 102.4 102.4c0 56.525-45.875 102.4-102.4 102.4zM665.6 512c-28.314 0-51.2-22.886-51.2-51.2s22.886-51.2 51.2-51.2c28.314 0 51.2 22.886 51.2 51.2s-22.886 51.2-51.2 51.2zM768 409.6c-28.314 0-51.2-22.886-51.2-51.2s22.886-51.2 51.2-51.2c28.314 0 51.2 22.886 51.2 51.2s-22.886 51.2-51.2 51.2z"
        ],
        "attrs": [],
        "isMulticolor": false,
        "isMulticolor2": false,
        "tags": [
          "game-controller"
        ],
        "grid": 20
      },
      "attrs": [],
      "properties": {
        "id": 174,
        "order": 10,
        "prevSize": 20,
        "name": "game-controller"
      },
      "setIdx": 0,
      "setId": 2,
      "iconIdx": 173
    },
    {
      "icon": {
        "paths": [
          "M956.006 563.2h-85.606v307.2c0 22.784-9.933 51.2-51.2 51.2h-204.8v-307.2h-204.8v307.2h-204.8c-41.267 0-51.2-28.416-51.2-51.2v-307.2h-85.606c-30.618 0-24.064-16.589-3.072-38.298l410.829-411.238c9.984-10.342 23.091-15.462 36.25-15.974 13.158 0.512 26.266 5.581 36.25 15.974l410.778 411.187c21.043 21.76 27.597 38.349-3.021 38.349z"
        ],
        "attrs": [],
        "isMulticolor": false,
        "isMulticolor2": false,
        "tags": [
          "home"
        ],
        "grid": 20
      },
      "attrs": [],
      "properties": {
        "id": 185,
        "order": 12,
        "prevSize": 20,
        "name": "home"
      },
      "setIdx": 0,
      "setId": 2,
      "iconIdx": 184
    },
    {
      "icon": {
        "paths": [
          "M512 102.861c-141.414 0-256 114.125-256 255.488 0 244.429 256 563.2 256 563.2s256-318.822 256-563.2c0-141.312-114.586-255.488-256-255.488zM512 499.712c-76.39 0-138.24-61.901-138.24-138.24s61.85-138.24 138.24-138.24c76.288 0 138.189 61.901 138.189 138.24s-61.901 138.24-138.189 138.24z"
        ],
        "attrs": [],
        "isMulticolor": false,
        "isMulticolor2": false,
        "tags": [
          "location-pin"
        ],
        "grid": 20
      },
      "attrs": [],
      "properties": {
        "id": 210,
        "order": 7,
        "prevSize": 20,
        "name": "location-pin"
      },
      "setIdx": 0,
      "setId": 2,
      "iconIdx": 209
    },
    {
      "icon": {
        "paths": [
          "M898.304 791.91l-193.485-193.485c29.184-47.872 45.978-104.192 45.978-164.352 0-174.95-151.603-326.502-326.554-326.502-174.95-0.051-316.723 141.773-316.723 316.723 0 174.899 151.603 326.502 326.502 326.502 58.214 0 112.64-15.821 159.488-43.213l194.509 194.611c19.046 18.995 49.92 18.995 68.915 0l48.282-48.282c18.995-18.995 12.083-43.008-6.912-62.003zM205.005 424.294c0-121.139 98.15-219.29 219.238-219.29 121.139 0 229.069 107.878 229.069 229.069 0 121.088-98.202 219.29-219.29 219.29-121.139-0.051-229.018-107.981-229.018-229.069z"
        ],
        "attrs": [],
        "isMulticolor": false,
        "isMulticolor2": false,
        "tags": [
          "magnifying-glass"
        ],
        "grid": 20
      },
      "attrs": [],
      "properties": {
        "id": 218,
        "order": 14,
        "prevSize": 20,
        "name": "magnifying-glass"
      },
      "setIdx": 0,
      "setId": 2,
      "iconIdx": 217
    },
    {
      "icon": {
        "paths": [
          "M313.498 371.2l40.499-268.8h-210.637l-88.013 230.4c-2.714 8.192-4.147 16.691-4.147 25.6 0 56.525 58.88 102.4 131.635 102.4 67.072 0 122.522-39.117 130.662-89.6zM512 460.8c72.704 0 131.635-45.875 131.635-102.4 0-2.099-0.154-4.198-0.256-6.195l-26.061-249.805h-210.637l-26.112 249.6c-0.102 2.099-0.205 4.198-0.205 6.4 0 56.525 58.931 102.4 131.635 102.4zM768 514.355v202.445h-512v-202.138c-22.426 8.090-47.104 12.698-73.165 12.698-9.984 0-19.661-1.178-29.235-2.509v325.069c0 39.424 32.205 71.68 71.578 71.68h573.542c39.424 0 71.68-32.307 71.68-71.68v-325.018c-9.626 1.28-19.251 2.509-29.235 2.509-25.907-0.051-50.688-4.762-73.165-13.056zM968.704 332.8l-88.115-230.4h-210.586l40.448 268.39c7.885 50.688 63.334 90.010 130.714 90.010 72.704 0 131.635-45.875 131.635-102.4 0-8.909-1.434-17.408-4.096-25.6z"
        ],
        "attrs": [],
        "isMulticolor": false,
        "isMulticolor2": false,
        "tags": [
          "shop"
        ],
        "grid": 20
      },
      "attrs": [],
      "properties": {
        "id": 273,
        "order": 13,
        "prevSize": 20,
        "name": "shop"
      },
      "setIdx": 0,
      "setId": 2,
      "iconIdx": 272
    },
    {
      "icon": {
        "paths": [
          "M962.56 410.726h-328.346l-122.214-344.166-122.317 344.166h-328.294l267.878 202.086-95.795 354.765 278.528-212.685 278.426 212.685-95.693-354.765 267.827-202.086zM512 654.49l-154.317 128 63.642-182.374-145.971-117.76 180.326 5.171 56.32-206.848 56.269 206.848 180.275-5.171-145.971 117.76 63.642 182.374-154.214-128z"
        ],
        "attrs": [],
        "isMulticolor": false,
        "isMulticolor2": false,
        "tags": [
          "star-outlined"
        ],
        "grid": 20
      },
      "attrs": [],
      "properties": {
        "id": 285,
        "order": 9,
        "prevSize": 20,
        "name": "star-outlined"
      },
      "setIdx": 0,
      "setId": 2,
      "iconIdx": 284
    },
    {
      "icon": {
        "paths": [
          "M512 66.56l122.266 344.166h328.294l-267.878 202.138 95.795 354.714-278.477-212.685-278.426 212.685 95.744-354.714-267.93-202.138h328.294l122.317-344.166z"
        ],
        "attrs": [],
        "isMulticolor": false,
        "isMulticolor2": false,
        "tags": [
          "star"
        ],
        "grid": 20
      },
      "attrs": [],
      "properties": {
        "id": 286,
        "order": 8,
        "prevSize": 20,
        "name": "star"
      },
      "setIdx": 0,
      "setId": 2,
      "iconIdx": 285
    }
  ],
  "height": 1024,
  "preferences": {
    "showGlyphs": true,
    "showQuickUse": true,
    "showQuickUse2": true,
    "showSVGs": true,
    "fontPref": {
      "prefix": "icon-",
      "metadata": {
        "fontFamily": "icomoon"
      },
      "metrics": {
        "emSize": 1024,
        "baseline": 6.25,
        "whitespace": 50
      },
      "embed": false
    },
    "imagePref": {
      "prefix": "icon-",
      "png": true,
      "useClassSelector": true,
      "color": 0,
      "bgColor": 16777215,
      "classSelector": ".icon",
      "name": "icomoon"
    },
    "historySize": 50,
    "showCodes": true,
    "gridSize": 16
  }
}